Name,Shopping List,Packed,SKIPPED,Container,Category,Meal Plans,Day (from Meal Plans),Notes,In Car
Aluminet 10x6,,,checked,Cabin,Hot Weather,,,,0 checked out of 1
Aluminet 10x20,,,checked,Cabin,Hot Weather,,,,0 checked out of 1
Apple Sauce,,checked,checked,Snack Bin,,Essentials (Snacks),ALL,,0 checked out of 1
Bacon (pre-cooked),,,checked,Cooler,,"Egg Bites & Bacon & Toast,Bacon Breakfast Sandwiches/Burritos (Bacon/Sausage),Ethan (Breakfast),Bagel Sandwiches",ALL,,0 checked out of 1
Bonami,,,checked,Cooking Bin,Cleaning,,,,0 checked out of 1
Bugs - Citronella candles,,,checked,Safety Bin,Bugs,,,,0 checked out of 1
Cable - Extension Cord (>25ft),,,checked,Powered Bin,120v Power,,,,0 checked out of 1
Charger - Dewalt Batteries,,,checked,Powered Bin,120v Power,,,,0 checked out of 1
Chicken Breast,,,checked,Cooler,,Burgers & Grilled Veggies,Sunday,,0 checked out of 1
Cocktail Shaker,,,checked,Cooking Bin,Cooking,,,,0 checked out of 1
Coffee - Cold Brew,,,checked,Cooler,,Essentials (Breakfast),ALL,,0 checked out of 1
Coffee Instant,,,checked,Food Bin,,Essentials (Breakfast),ALL,,0 checked out of 1
Cookies (homemade),,,checked,Snack Bin,,Essentials (Snacks),ALL,,0 checked out of 1
Corn (frozen),,,checked,Cooler,,"Hot Dogs & Chili,Burgers & Grilled Veggies,Ethan","Sunday,ALL",,0 checked out of 1
Cots,,,checked,Cabin,Sleep,,,,0 checked out of 1
Crystal Light lemonade,,,checked,Snack Bin,,Essentials (Snacks),ALL,,0 checked out of 1
Drill,,,checked,Setup Bin,Setup,,,,0 checked out of 1
Drill - For Ground Screw Stakes,,,checked,Setup Bin,Setup,,,,0 checked out of 1
Emergency space blanket,,,checked,Safety Bin,Safety,,,,0 checked out of 1
Fan - pink & blue misting ,,,checked,Powered Bin,Hot Weather,,,,0 checked out of 1
Fan (Dewalt) Batteries Only,,,checked,Powered Bin,Hot Weather,,,,0 checked out of 1
Fan (Dewalt) w/o Batteries,,,checked,Powered Bin,Hot Weather,,,,0 checked out of 1
Fan Personal Lanyard Fans,,,checked,Powered Bin,Hot Weather,,,,0 checked out of 1
Fruit (Seasonal),,,checked,Cooler,,Fruit,ALL,,0 checked out of 1
GF Tortillias,,,checked,Cooler,,"Tacos,Bacon Breakfast Sandwiches/Burritos (Bacon/Sausage),Sausage Breakfast Sandwiches",Monday,,0 checked out of 1
Goat Cheese,,,checked,Cooler,,"Bagels w/Salmon,Steak & Salad,Bagel Sandwiches",Sunday,,0 checked out of 1
Grill brush,,,checked,Cooking Bin,,,,,0 checked out of 1
Half-Half,,,checked,Cooler,,Essentials (Breakfast),ALL,,0 checked out of 1
Hammer,,,checked,Setup Bin,Setup,,,,0 checked out of 1
Inhaler,,,checked,Safety Bin,Safety,,,,0 checked out of 1
Kleenex,,,checked,Safety Bin,Hygine,,,,0 checked out of 1
Laundry Detergent (Ethan's Clothes),,,checked,Safety Bin,Cleaning,,,,0 checked out of 1
Medications,,,checked,Personal Bag - Ethan's,Hygine,,,,0 checked out of 1
Nails,,,checked,Setup Bin,Setup,,,,0 checked out of 1
Nuts/Peanuts,,checked,checked,Snack Bin,,Essentials (Snacks),ALL,,0 checked out of 1
Olive oil (finishing) ,,,checked,Food Bin,,Essentials (Dinner),ALL,,0 checked out of 1
Peas (frozen),,,checked,Cooler,,"Hot Dogs & Chili,Burgers & Grilled Veggies,Ethan","Sunday,ALL",,0 checked out of 1
Salsa,,,checked,Cooler,,"Tacos,Essentials (Snacks),Essentials (Lunch),Tamales & Chips/Salsa","ALL,ALL",,0 checked out of 1
Soups,,,checked,Food Bin,,Essentials (Lunch),ALL,,0 checked out of 1
Stakes (screw in),,,checked,Setup Bin,Setup,,,,0 checked out of 1
String Cheese,,,checked,Cooler,,Essentials (Snacks),ALL,,0 checked out of 1
Swamp Cooler,,,checked,Powered Bin,Hot Weather,,,,0 checked out of 1
Tortillia,,,checked,Food Bin,,"Tacos,Bacon Breakfast Sandwiches/Burritos (Bacon/Sausage),Sausage Breakfast Sandwiches",Monday,,0 checked out of 1
Tortillia Chips,,,checked,Snack Bin,,"Essentials (Lunch),Tamales & Chips/Salsa",ALL,,0 checked out of 1
Watch - Apple Charger,,,checked,Powered Bin,Power,,,,0 checked out of 1
Watch - Garmin Charger,,,checked,Powered Bin,Power,,,,0 checked out of 1
Water bottles - with filters,,,checked,Cooking Bin,Safety,,,,0 checked out of 1
Water Cooler,,,checked,Cabin,Dinning,,,,0 checked out of 1
Water dispenser pump,,,checked,Cooking Bin,Dinning,,,,0 checked out of 1
Abby's dog bed,,,,Cabin,Dog,,,,0 checked out of 1
Advil,,checked,,Safety Bin,Safety,,,,0 checked out of 1
After Burn Cream,,,,Safety Bin,Safety,,,,0 checked out of 1
Air Mattress (Exped) - Drake,,checked,,Cargo Carrier,Sleep,,,,0 checked out of 1
Air Mattress (Exped) - Shawna,,checked,,Cargo Carrier,Sleep,,,,0 checked out of 1
Air Mattress (White/Blue) - Ethan,,,,Cargo Carrier,Sleep,,,,0 checked out of 1
Air pump,,checked,,Setup Bin,Setup,,,,0 checked out of 1
American cheese,,checked,,Cooler,,"Burgers & Grilled Veggies,Sandwiches,Bacon Breakfast Sandwiches/Burritos (Bacon/Sausage),Bagel Sandwiches,Sausage Breakfast Sandwiches","Sunday,ALL,Monday",,0 checked out of 1
Anti itch cream,,,,Safety Bin,Safety,,,,0 checked out of 1
Apple,,checked,,Food Bin,,Tuna Salad,Sunday,,0 checked out of 1
Arugula,,,,Cooler,,Steak & Salad,,,0 checked out of 1
Asaparagus,,,,Cooler,,,,,0 checked out of 1
Athletic shoes,,,,Personal Bag - Drake's,,,,,0 checked out of 1
Athletic shoes,,,,Personal Bag - Shawna's,,,,,0 checked out of 1
Avocado,,checked,,Food Bin,,"Tacos,Cold Cuts Roll ups,Avocado Toast",ALL,,0 checked out of 1
Avocado Toast Seasoning ,,,,Food Bin,,Avocado Toast,,,0 checked out of 1
Baby Blankets,,,,Personal Bag - Ethan's,Sleep,,,,0 checked out of 1
Baby Wipes,,checked,,Personal Bag - Ethan's,Hygine,,,,0 checked out of 1
Backup Clothes for Ethan,,,,Cabin,Safety,,,,0 checked out of 1
Bacon,,,,Cooler,,,,,0 checked out of 1
Bagels,,checked,,Food Bin,,"Bagels w/Salmon,Bagel Sandwiches",Sunday,,0 checked out of 1
Bags - Bottle Drop,,checked,,Setup Bin,Cleaning,,,,0 checked out of 1
Bags - Garbage Bags,,checked,,Setup Bin,Cleaning,,,,0 checked out of 1
"Ball (football, kickball)",,,,Fun Bin,Joy/Fun,,,,0 checked out of 1
Batteries - AA,,checked,,Powered Bin,Power,,,,0 checked out of 1
Batteries - AAA,,checked,,Powered Bin,Power,,,,0 checked out of 1
Batteries - Potable Chargers,,checked,,Powered Bin,Power,,,,0 checked out of 1
Batteries - Solar Panel,,checked,,Powered Bin,Power,,,,0 checked out of 1
Beach Towel / Bath Towel,,,,Personal Bag - Shawna's,,,,,0 checked out of 1
Beach Towel / Bath Towel,,,,Personal Bag - Drake's,,,,,0 checked out of 1
Beach Towel / Bath Towel,,,,Personal Bag - Ethan's,,,,,0 checked out of 1
Bell Peppers,,,,Cooler,,Sausage & Veggie Skillet,,,0 checked out of 1
Berries,,,,Cooler,,"Overnight Oats,Yogurt Parfait",,,0 checked out of 1
Binder clips,,checked,,Setup Bin,Setup,,,,0 checked out of 1
Binoculars,,checked,,Fun Bin,Joy/Fun,,,,0 checked out of 1
Blanket - Drake,,,,Cabin,Sleep,,,,0 checked out of 1
Blanket - Ethan,,,,Cabin,Sleep,,,,0 checked out of 1
Blanket - Shawna,,,,Cabin,Sleep,,,,0 checked out of 1
Bleach & Towels & Bucket,,checked,,Safety Bin,Cleaning,,,,0 checked out of 1
Boardgame - Compile,,,,Fun Bin,Joy/Fun,,,,0 checked out of 1
Boardgame - Doomlings,,,,Fun Bin,Joy/Fun,,,,0 checked out of 1
Boardgame - Welcome To,,,,Fun Bin,Joy/Fun,,,,0 checked out of 1
Body wipes,,checked,,Safety Bin,Hygine,,,,0 checked out of 1
Bottle opener,,checked,,Cooking Bin,Cooking,,,,0 checked out of 1
Brats,,,,Cooler,,Sausage & Veggie Skillet,,,0 checked out of 1
Bread - 1 loaf,,checked,,Food Bin,,"Grilled Cheese,Sandwiches,Avocado Toast",ALL,,0 checked out of 1
Bread - GF,,checked,,Cooler,,"Grilled Cheese,Sandwiches,Biscuits & Gravy,Bagels w/Salmon,Bagel Sandwiches,Avocado Toast","ALL,Sunday",,0 checked out of 1
Breakfast sausage links,,,,Cooler,,,,,0 checked out of 1
Breakfast Sausage Patties (tyson),,checked,,Cooler,,Sausage Breakfast Sandwiches,Monday,,0 checked out of 1
Broom and Dust pan,,checked,,Setup Bin,Cleaning,,,,0 checked out of 1
Brown Paper Bag,,checked,,Setup Bin,Cleaning,,,,0 checked out of 1
"Bubbles (rope, bubble solution, bucket)",,,,Ethan's Toy Bin,Ethan Toys,,,,0 checked out of 1
Bulk breakfast sausage,,,,Cooler,,"Biscuits & Gravy,Skillet Meal",,,0 checked out of 1
Butane for refills,,checked,,Setup Bin,Campfire,,,,0 checked out of 1
Butter (Container),,,,Cooler,,Pancakes,,,0 checked out of 1
Cable - Micro USB,,checked,,Powered Bin,Power,,,,0 checked out of 1
Cable - UBS C,,checked,,Powered Bin,Power,,,,0 checked out of 1
Camp Stove,,,,Cabin,Cooking,,,,0 checked out of 1
Can opener,,checked,,Cooking Bin,Cooking,,,,0 checked out of 1
Carpet,,checked,,Cargo Carrier,Sleep,,,,0 checked out of 1
Cast iron griddle,,,,Cabin,Cooking,,,,0 checked out of 1
Cast Iron Scrubber,,checked,,Dish Washing Bason (2 bin),Cleaning,,,,0 checked out of 1
Celery,,checked,,Cooler,,Tuna Salad,Sunday,,0 checked out of 1
Chair - Rocking,,,,Cabin,Joy/Fun,,,,0 checked out of 1
Chair (dual seater),,,,Cabin,Essentials,,,,0 checked out of 1
Chairs (sm blue/black),,,,Seating Bin,Essentials,,,,0 checked out of 1
Cherries,,,,Food Bin,,,,,0 checked out of 1
Chicken,,,,Cooler,,Kababs,,,0 checked out of 1
Chicken Burger,,checked,,Cooler,,Burgers & Grilled Veggies,Sunday,,0 checked out of 1
Chili (beanless),,,,Food Bin,,Hot Dogs & Chili,,,0 checked out of 1
Chips,,checked,,Snack Bin,,"Essentials (Snacks),Essentials (Lunch)","ALL,ALL",,0 checked out of 1
Chocolate,,,,Cooler,,S'mores,,,0 checked out of 1
Cilantro,,checked,,Cooler,,Tuna Salad,Sunday,,0 checked out of 1
Coffee,,checked,,Food Bin,,Essentials (Breakfast),ALL,,0 checked out of 1
Coffee Creamer,,checked,,Cooler,,Essentials (Breakfast),ALL,,0 checked out of 1
Coffee cup (Drake),,checked,,Cooking Bin,Cooking,,,,0 checked out of 1
Coffee cup (Shawna),,checked,,Cooking Bin,Cooking,,,,0 checked out of 1
Coffee filters,,checked,,Cooking Bin,Cooking,,,,0 checked out of 1
Coffee Pot,,checked,,Cooking Bin,Cooking,,,,0 checked out of 1
Coloring Books,,,,Ethan's Toy Bin,Ethan Toys,,,,0 checked out of 1
Comb and brush,,,,Personal Bag - Drake's,Hygine,,,,0 checked out of 1
Comb and brush,,,,Personal Bag - Ethan's,Hygine,,,,0 checked out of 1
Comb and brush,,,,Personal Bag - Shawna's,Hygine,,,,0 checked out of 1
Corn Cobs,,,,Cooler,,,,,0 checked out of 1
Cucumber,,checked,,Cooler,,Tuna Salad,Sunday,,0 checked out of 1
Cutting Board - Large,,checked,,Cooking Bin,Cooking,,,,0 checked out of 1
Cutting Board - Mini,,checked,,Cooking Bin,Cooking,,,,0 checked out of 1
Deodorant,,,,Personal Bag - Drake's,Hygine,,,,0 checked out of 1
Deodorant,,,,Personal Bag - Shawna's,Hygine,,,,0 checked out of 1
Diaper cream,,checked,,Personal Bag - Ethan's,Hygine,,,,0 checked out of 1
Dijon,,checked,,Cooler,,"Burgers & Grilled Veggies,Sandwiches,Hot Dogs & Chili","Sunday,ALL",,0 checked out of 1
Dish Soap,,checked,,Cooking Bin,Cleaning,,,,0 checked out of 1
Dish Towels,,checked,,Safety Bin,Cooking,,,,0 checked out of 1
Dish Washing Basons + 2x Blue bin for soaking,,,,Cabin,Cooking,,,,0 checked out of 1
Dispenser - Grill Water,,checked,,Cooking Bin,Cooking,,,,0 checked out of 1
Dispenser - Olive Oil,,checked,,Cooking Bin,Cooking,,,,0 checked out of 1
Dog Bones,,,,Abby's Bin,Dog,,,,0 checked out of 1
Dog Fence,,,,Cabin,Dog,,,,0 checked out of 1
Dog First Aid Kit,,,,Abby's Bin,Dog,,,,0 checked out of 1
Dog Food,,,,Abby's Bin,Dog,,,,0 checked out of 1
Dog Leash,,,,Abby's Bin,Dog,,,,0 checked out of 1
Dog Treats,,,,Abby's Bin,Dog,,,,0 checked out of 1
Dolly,,,,Cabin,Setup,,,,0 checked out of 1
Drake's Scooter,,,,Cabin,Joy/Fun,,,,0 checked out of 1
Drambuie,,,,Snack Bin,,Rusty Nail Cocktail,,,0 checked out of 1
Ear Plugs (sleeping),,,,Personal Bag - Drake's,Sleep,,,,0 checked out of 1
Egg Bites,,,,Cooler,,Egg Bites & Bacon & Toast,,,0 checked out of 1
Eggs,,checked,,Cooler,,"Bacon Breakfast Sandwiches/Burritos (Bacon/Sausage),Bagel Sandwiches,Sausage Breakfast Sandwiches,Skillet Meal",Monday,,0 checked out of 1
English Muffins,,checked,,Food Bin,,"Bacon Breakfast Sandwiches/Burritos (Bacon/Sausage),Sausage Breakfast Sandwiches",Monday,,0 checked out of 1
Ethan’s blue bike,,,,Cabin,Ethan Toys,,,,0 checked out of 1
Ethan's Chair,,,,Cabin,Essentials,,,,0 checked out of 1
Ethan's Tablet,,,,Ethan's Toy Bin,Ethan Toys,,,,0 checked out of 1
Exped sheets,,,,Cargo Carrier,Sleep,,,,0 checked out of 1
Extra glasses/contacts and prescription,,,,Personal Bag - Drake's,Hygine,,,,0 checked out of 1
Extra glasses/contacts and prescription,,,,Personal Bag - Shawna's,Hygine,,,,0 checked out of 1
Eye Mask,,,,Personal Bag - Drake's,Sleep,,,,0 checked out of 1
Floss,,,,Personal Bag - Drake's,Hygine,,,,0 checked out of 1
Flour - GF,,,,Food Bin,,Biscuits & Gravy,,,0 checked out of 1
Folding Table (sm&height adjustable),,,,Cabin,Dinning,,,,0 checked out of 1
Foot/Face Mask (moisturizer),,,,Personal Bag - Drake's,Joy/Fun,,,,0 checked out of 1
Fresh green beans,,,,Cooler,,,,,0 checked out of 1
Fruit Juice Concentrate,,,,Cooler,,Fruity Cocktails,,,0 checked out of 1
Gazebo,,,,Cabin,Essentials,,,,0 checked out of 1
General First Aid Kit,,checked,,Safety Bin,Safety,,,,0 checked out of 1
GF - Biscuits,,,,Cooler,,,,,0 checked out of 1
Gloves - Latex,,checked,,Safety Bin,Safety,,,,0 checked out of 1
Graham Crackers,,,,Snack Bin,,S'mores,,,0 checked out of 1
Granola,,,,Food Bin,,Yogurt Parfait,,,0 checked out of 1
Grape Tomatoes,,checked,,Food Bin,,Tuna Salad,Sunday,,0 checked out of 1
Grapes,,,,Food Bin,,Steak & Salad,,,0 checked out of 1
Guitar ,,,,Cabin,Joy/Fun,,,,0 checked out of 1
Hamack,,,,Seating Bin,Joy/Fun,,,,0 checked out of 1
Hamburger Buns,,checked,,Food Bin,,Burgers & Grilled Veggies,Sunday,,0 checked out of 1
Hamburger Buns - GF,,checked,,Food Bin,,Burgers & Grilled Veggies,Sunday,,0 checked out of 1
Hamburger Patties,,checked,,Cooler,,Burgers & Grilled Veggies,Sunday,,0 checked out of 1
Hand Sanitizer,,checked,,Safety Bin,Safety,,,,0 checked out of 1
Hand sanitizer/soap,,checked,,Safety Bin,Hygine,,,,0 checked out of 1
Hand Towels,,,,Personal Bag - Drake's,,,,,0 checked out of 1
Hand Towels,,,,Personal Bag - Ethan's,,,,,0 checked out of 1
Hand Towels,,,,Personal Bag - Shawna's,,,,,0 checked out of 1
Hashbrowns,,,,Food Bin,,Skillet Meal,,,0 checked out of 1
Hatchet/Ax,,checked,,Setup Bin,Campfire,,,,0 checked out of 1
Hearing Protection,,checked,,Safety Bin,Festival,,,,0 checked out of 1
Hooks,,checked,,Setup Bin,Setup,,,,0 checked out of 1
Hot Dog Roasters,,checked,,Dish Washing Bason (2 bin),Campfire,,,,0 checked out of 1
Hot Dogs,,,,Cooler,,Hot Dogs & Chili,,,0 checked out of 1
Hot Sauce,,,,Food Bin,,"Tacos,Tamales & Chips/Salsa",,,0 checked out of 1
Hotdog buns,,,,Food Bin,,Hot Dogs & Chili,,,0 checked out of 1
Hotdog buns - GF,,,,Food Bin,,Hot Dogs & Chili,,,0 checked out of 1
Ibuprofen (dedicated bottle),,checked,,Safety Bin,Safety,,,,0 checked out of 1
Jeans/pants,,checked,,Personal Bag - Drake's,,,,,0 checked out of 1
Jeans/pants,,checked,,Personal Bag - Ethan's,,,,,0 checked out of 1
Jeans/pants,,,,Personal Bag - Shawna's,,,,,0 checked out of 1
Katsup,,checked,,Cooler,,"Burgers & Grilled Veggies,Hot Dogs & Chili",Sunday,,0 checked out of 1
Knife (cooking),,checked,,Cooking Bin,Cooking,,,,0 checked out of 1
Lemon,,checked,,Food Bin,,"Steak & Salad,Tuna Salad",Sunday,,0 checked out of 1
Lettuce,,checked,,Cooler,,"Sandwiches,Tacos,Cold Cuts Roll ups","ALL,ALL",,0 checked out of 1
Lidded coffee cups (3x),,,,Food Bin,Dinning,,,,0 checked out of 1
Lighter,,checked,,Setup Bin,Essentials,,,,0 checked out of 1
Lights - Flashlights,,checked,,Powered Bin,Nighttime,,,,0 checked out of 1
Lights - Ground Lights,,checked,,Powered Bin,Nighttime,,,,0 checked out of 1
Lights - Lanterns,,checked,,Powered Bin,Nighttime,,,,0 checked out of 1
Lights - LED String Lights,,checked,,Powered Bin,Nighttime,,,,0 checked out of 1
Lights - Pathway,,checked,,Powered Bin,Nighttime,,,,0 checked out of 1
Lime Powder,,,,Snack Bin,,Margarita,,,0 checked out of 1
Lip Balm,,,,Personal Bag - Drake's,Hygine,,,,0 checked out of 1
Lip balm and sun screen,,,,Personal Bag - Shawna's,Hygine,,,,0 checked out of 1
Liquid IV,,checked,,Snack Bin,,Essentials (Snacks),ALL,,0 checked out of 1
Lunch Meat,,checked,,Cooler,,"Sandwiches,Grilled Cheese,Cold Cuts Roll ups","ALL,ALL",,0 checked out of 1
Make up,,,,Personal Bag - Shawna's,Hygine,,,,0 checked out of 1
Maple syrup,,,,Cooler,,Pancakes,,,0 checked out of 1
Markers,,,,Ethan's Toy Bin,Ethan Toys,,,,0 checked out of 1
Marshmallows ,,,,Snack Bin,,S'mores,,,0 checked out of 1
Matches,,checked,,Setup Bin,Essentials,,,,0 checked out of 1
Mayo,,checked,,Cooler,,"Sandwiches,Burgers & Grilled Veggies","ALL,Sunday",,0 checked out of 1
Medications,,,,Personal Bag - Drake's,Hygine,,,,0 checked out of 1
Medications,,,,Personal Bag - Shawna's,Hygine,,,,0 checked out of 1
Milk 1/2 Jugs,,checked,,Cooler,,"Drinks,Biscuits & Gravy,Overnight Oats",ALL,,0 checked out of 1
Mushrooms,,,,Cooler,,Steak & Salad,,,0 checked out of 1
Mustard,,checked,,Cooler,,"Burgers & Grilled Veggies,Sandwiches,Hot Dogs & Chili,Cold Cuts Roll ups","Sunday,ALL,ALL",,0 checked out of 1
Napkins,,,,Snack Bin,Dinning,,,,0 checked out of 1
Newspaper ,,checked,,Setup Bin,Campfire,,,,0 checked out of 1
Oats,,,,Food Bin,,Overnight Oats,,,0 checked out of 1
Olive Oil,,checked,,Food Bin,,"Essentials (Dinner),Essentials (Breakfast),Steak & Salad","ALL,ALL",,0 checked out of 1
Onion,,checked,,Food Bin,,"Burgers & Grilled Veggies,Tacos,Sausage & Veggie Skillet",Sunday,,0 checked out of 1
Onions,,,,Cooler,,Kababs,,,0 checked out of 1
Oven Mits,,checked,,Cooking Bin,Cooking,,,,0 checked out of 1
Pajamas,,checked,,Personal Bag - Drake's,,,,,0 checked out of 1
Pajamas,,,,Personal Bag - Ethan's,,,,,0 checked out of 1
Pajamas,,,,Personal Bag - Shawna's,,,,,0 checked out of 1
Pancake Mix  - GF,,,,Food Bin,,Pancakes,,,0 checked out of 1
Paper bags,,checked,,Setup Bin,Setup,,,,0 checked out of 1
Paper plates,,checked,,Cooking Bin,,,,,0 checked out of 1
Paper Towels,,checked,,Safety Bin,Cooking,,,,0 checked out of 1
Paracord,,checked,,Setup Bin,Setup,,,,0 checked out of 1
Parsley,,checked,,Cooler,,Tuna Salad,Sunday,,0 checked out of 1
Pepper Flakes,,checked,,Food Bin,,Essentials (Dinner),ALL,,0 checked out of 1
Peppers,,,,Cooler,,"Kababs,Skillet Meal",,,0 checked out of 1
Pillow,,,,Personal Bag - Shawna's,,,,,0 checked out of 1
Pillows,,,,Cabin,Sleep,,,,0 checked out of 1
Plates,,checked,,Cooking Bin,Dinning,,,,0 checked out of 1
"Playing cards/Welcome to, Qwixx, Goat Lords",,,,Fun Bin,Joy/Fun,,,,0 checked out of 1
Poles (tarps/aluminet),,,,Cabin,Hot Weather,,,,0 checked out of 1
Pot w/lid,,checked,,Cooking Bin,Cooking,,,,0 checked out of 1
Propane Tank,,,,Cabin,Cooking,,,,0 checked out of 1
Pullup/Diapers,,checked,,Personal Bag - Ethan's,Hygine,,,,0 checked out of 1
Purple Air Couch,,,,Seating Bin,Joy/Fun,,,,0 checked out of 1
Red Bike Flag,,,,Setup Bin,Setup,,,,0 checked out of 1
Rope - Nylon cord/clothes line,,checked,,Setup Bin,Setup,,,,0 checked out of 1
Rum,,,,Snack Bin,,Fruity Cocktails,,,0 checked out of 1
Rumple,,,,Cargo Carrier,Sleep,,,,0 checked out of 1
Safety Bracelets,,checked,,Safety Bin,Safety,,,,0 checked out of 1
Salami,,,,Cooler,,,,,0 checked out of 1
Salmon Canned,,checked,,Food Bin,,Bagels w/Salmon,Sunday,,0 checked out of 1
Salt & Pepper,,,,Cooking Bin,Cooking,"Essentials (Dinner),Essentials (Breakfast)","ALL,ALL",,0 checked out of 1
Salt & Pepper,,checked,,Cooking Bin,Cooking,,,,0 checked out of 1
Sandals,,,,Personal Bag - Drake's,,,,,0 checked out of 1
Sandals,,,,Personal Bag - Ethan's,,,,,0 checked out of 1
Sandals,,,,Personal Bag - Shawna's,,,,,0 checked out of 1
Sardines,,checked,,Food Bin,,Tuna Salad,Sunday,,0 checked out of 1
Sausage (Dinner),,,,Cooler,,Sausage & Veggie Skillet,,,0 checked out of 1
Scrub Brush,,checked,,Safety Bin,Cleaning,,,,0 checked out of 1
Shampoo/Soap,,,,Personal Bag - Drake's,Hygine,,,,0 checked out of 1
Shampoo/Soap,,,,Personal Bag - Shawna's,Hygine,,,,0 checked out of 1
Shorts,,checked,,Personal Bag - Drake's,,,,,0 checked out of 1
Shorts,,checked,,Personal Bag - Ethan's,,,,,0 checked out of 1
Shorts,,,,Personal Bag - Shawna's,,,,,0 checked out of 1
Silverware (loose),,checked,,Dish Washing Bason (2 bin),Dinning,,,,0 checked out of 1
Silverware (sets),,checked,,Dish Washing Bason (2 bin),Dinning,,,,0 checked out of 1
Simple Syrup,,,,Snack Bin,,Margarita,,,0 checked out of 1
Skewers,,,,Food Bin,,Kababs,,,0 checked out of 1
Sleeping Bag - Drake,,checked,,Cargo Carrier,Sleep,,,,0 checked out of 1
Sleeping Bag - Ethan,,checked,,Cargo Carrier,Sleep,,,,0 checked out of 1
Sleeping Bag - Shawna,,checked,,Cargo Carrier,Sleep,,,,0 checked out of 1
Sliced Cheese,,checked,,Cooler,,"Burgers & Grilled Veggies,Grilled Cheese,Sandwiches,Bacon Breakfast Sandwiches/Burritos (Bacon/Sausage),Cold Cuts Roll ups,Sausage Breakfast Sandwiches","Sunday,ALL,ALL,Monday",,0 checked out of 1
Soap paper (washing hands),,checked,,Safety Bin,Hygine,,,,0 checked out of 1
Socks,,checked,,Personal Bag - Drake's,,,,,0 checked out of 1
Socks,,checked,,Personal Bag - Ethan's,,,,,0 checked out of 1
Socks,,,,Personal Bag - Shawna's,,,,,0 checked out of 1
Sour Cream,,,,Cooler,,"Tacos,Tamales & Chips/Salsa",,,0 checked out of 1
Spatula,,checked,,Cooking Bin,Cooking,,,,0 checked out of 1
Spatula - Wood ,,checked,,Cooking Bin,Cooking,,,,0 checked out of 1
Sponges,,checked,,Safety Bin,Cleaning,,,,0 checked out of 1
Spray cleaner,,checked,,Safety Bin,Cleaning,,,,0 checked out of 1
Spray Oil,,checked,,Food Bin,,"Essentials (Dinner),Essentials (Breakfast)","ALL,ALL",,0 checked out of 1
Stakes (Screw Stakes) - Tent/Tarp Ground ,,checked,,Setup Bin,Setup,,,,0 checked out of 1
Steak,,,,Cooler,,Steak & Salad,,,0 checked out of 1
Steak Seasoning,,checked,,Food Bin,,"Steak & Salad,Burgers & Grilled Veggies",Sunday,,0 checked out of 1
Steam basket,,checked,,Cooking Bin,Cooking,,,,0 checked out of 1
Strainer,,checked,,Cooking Bin,Cooking,,,,0 checked out of 1
Sunglasses,,,,Personal Bag - Drake's,Safety,,,,0 checked out of 1
Sunglasses,,,,Personal Bag - Ethan's,Safety,,,,0 checked out of 1
Sunglasses,,,,Personal Bag - Shawna's,Safety,,,,0 checked out of 1
Sunscreen,,checked,,Safety Bin,Safety,,,,0 checked out of 1
Sunscreen,,,,Personal Bag - Drake's,Safety,,,,0 checked out of 1
Sunscreen Stickers,,checked,,Safety Bin,Safety,,,,0 checked out of 1
Sweatshirt,,,,Personal Bag - Drake's,,,,,0 checked out of 1
Sweatshirt,,checked,,Personal Bag - Ethan's,,,,,0 checked out of 1
Sweatshirt,,,,Personal Bag - Shawna's,Safety,,,,0 checked out of 1
Sweet Italian Sausage,,,,Cooler,,,,,0 checked out of 1
Swimming Pool,,,,Ethan's Toy Bin,Ethan Toys,,,,0 checked out of 1
Swimsuit,,,,Personal Bag - Drake's,,,,,0 checked out of 1
Swimsuit,,,,Personal Bag - Ethan's,,,,,0 checked out of 1
Swimsuit,,,,Personal Bag - Shawna's,Water Activities,,,,0 checked out of 1
T-shirts,,checked,,Personal Bag - Drake's,,,,,0 checked out of 1
T-shirts,,checked,,Personal Bag - Ethan's,,,,,0 checked out of 1
T-shirts,,,,Personal Bag - Shawna's,,,,,0 checked out of 1
Table - Camping Aluminium ,,,,Cabin,Setup,,,,0 checked out of 1
Table cloth,,checked,,Cooking Bin,Cooking,,,,0 checked out of 1
Taco Meat,,,,Cooler,,Tacos,,,0 checked out of 1
Taco seasoning,,,,Food Bin,,Tacos,,,0 checked out of 1
Tamales,,,,Cooler,,Tamales & Chips/Salsa,,,0 checked out of 1
Tape - Duct,,checked,,Setup Bin,Setup,,,,0 checked out of 1
Tarp 10x10 (blue),,,,Cabin,Essentials,,,,0 checked out of 1
Tarp 10x10 (grey),,checked,,Cargo Carrier,Essentials,,,,0 checked out of 1
Tarp 10x10 (grey/black),,,,Cabin,Essentials,,,,0 checked out of 1
Tarp 10x10 (grey/black),,,,Cabin,Essentials,,,,0 checked out of 1
Tarp 10x10 (grey/black),,,,Cabin,Essentials,,,,0 checked out of 1
Tarp 10x15(blue),,checked,,Cargo Carrier,Essentials,,,,0 checked out of 1
Temperature Guage,,checked,,Setup Bin,Setup,,,,0 checked out of 1
Tent,,checked,,Cargo Carrier,Sleep,,,,0 checked out of 1
Tequilia,,,,Snack Bin,,Margarita,,,0 checked out of 1
Tie out,,,,Abby's Bin,Dog,,,,0 checked out of 1
Tomato,,checked,,Food Bin,,"Burgers & Grilled Veggies,Sandwiches,Tacos","Sunday,ALL",,0 checked out of 1
Tongs,,checked,,Cooking Bin,Cooking,,,,0 checked out of 1
Toothbrush,,,,Personal Bag - Drake's,Hygine,,,,0 checked out of 1
"Toothbrush, toothpaste, and floss",,checked,,Personal Bag - Ethan's,Hygine,,,,0 checked out of 1
"Toothbrush, toothpaste, and floss",,,,Personal Bag - Shawna's,Hygine,,,,0 checked out of 1
Toothpaste,,,,Personal Bag - Drake's,Hygine,,,,0 checked out of 1
Towels - Drying,,,,Safety Bin,Cleaning,,,,0 checked out of 1
Towels - Hand,,,,Safety Bin,Hygine,,,,0 checked out of 1
Towels - Wash Cloths,,checked,,Safety Bin,Hygine,,,,0 checked out of 1
Tripod Chair,,,,Seating Bin,Essentials,,,,0 checked out of 1
Tuna (Canned in Oil),,checked,,Food Bin,,Tuna Salad,Sunday,,0 checked out of 1
Twist Ties,,checked,,Setup Bin,Setup,,,,0 checked out of 1
Tylenol (dedicated bottle),,checked,,Safety Bin,Safety,,,,0 checked out of 1
Underwear,,checked,,Personal Bag - Drake's,,,,,0 checked out of 1
Underwear,,checked,,Personal Bag - Ethan's,,,,,0 checked out of 1
Underwear,,,,Personal Bag - Shawna's,,,,,0 checked out of 1
Walkie Talkies + Charger,,checked,,Safety Bin,Safety,,,,0 checked out of 1
Water Bowl,,,,Abby's Bin,Dog,,,,0 checked out of 1
Water Guns,,,,Ethan's Toy Bin,Ethan Toys,,,,0 checked out of 1
Water jug - collapsible,,,,Cooking Bin,Dinning,,,,0 checked out of 1
Water socks,,,,Personal Bag - Drake's,Water Activities,,,,0 checked out of 1
Water socks,,checked,,Personal Bag - Ethan's,Water Activities,,,,0 checked out of 1
Water socks,,,,Personal Bag - Shawna's,Water Activities,,,,0 checked out of 1
Wet Ones / Wet Wipes,,checked,,Safety Bin,Hygine,,,,0 checked out of 1
Whiskey,,,,Food Bin,,Rusty Nail Cocktail,,,0 checked out of 1
White Noise Machine,,checked,,Personal Bag - Ethan's,Sleep,,,,0 checked out of 1
Wicking Shirts,,,,Personal Bag - Drake's,Hot Weather,,,,0 checked out of 1
Wicking Shirts copy,,,,Personal Bag - Shawna's,Hot Weather,,,,0 checked out of 1
Yogurt,,,,Cooler,,Yogurt Parfait,,,0 checked out of 1
Ziplock Bags ,,checked,,Setup Bin,Essentials,,,,0 checked out of 1
Zipties,,checked,,Setup Bin,Setup,,,,0 checked out of 1